364,883,-449,100,null,-329,-604,-31,-614,943,176,-64,-629,406,-736,-543,-7,82,-59,-750,-983,-875,457,null,-394,-259,429,816,69,-563,-472,725,664,null,-944,-733,-453,499,716,-778,-280,-659,-69,-475,577,352,-590,null,652,217,-75,783,null,-162,-288,964
383,324,null,-793,null,642,545,503,null,5,290,-935,-169,489,-653,682,-171,110,697,null,346,-448,-215,null,562,190,null,-487,-266,-933,33,704,878,null,526,-109,344,369,793,363,815,280,-161,823,360,292,-700,null,327,-771,948,967,null,664,459,140
-261,714,707,-936,null,-206,-461,null,null,46,300,-241,753,821,174,-809,-20,285,-422,235,-888,29,428,null,471,954,null,-32,-356,-460,494,61,258,603,-239,708,-900,410,325,627,-96,-442,478,842,-913,-306,510,null,-142,226,-523,758,null,742,8,305
382,663,-47,-940,null,145,787,null,985,-2,-57,-683,692,736,364,-607,233,-525,175,-257,182,885,-949,916,612,-420,null,-261,670,-211,-11,-74,-184,-458,83,-3,827,-636,676,413,-177,-280,-151,-139,807,-134,370,654,84,-802,-413,911,null,-58,90,131
-42,739,null,157,756,129,370,-614,-389,-136,-55,31,null,-714,961,-715,612,142,-85,313,547,-272,-549,-485,778,-324,null,-686,-90,939,45,-783,-461,null,-336,-495,-600,-245,509,469,-828,-517,-369,373,436,-363,-988,671,-219,300,647,229,null,137,634,-601
-443,122,null,187,null,-21,192,null,null,798,-770,425,161,-22,862,-324,457,-288,971,null,-164,-2,-121,858,11,294,null,-616,-137,-618,619,207,274,null,652,666,574,6,47,82,-194,948,-574,-782,-62,637,-441,490,-934,84,-537,882,null,-836,-96,-495
392,852,691,8,null,-975,-328,-580,-71,-925,55,-548,188,-198,-277,124,469,357,-101,-428,395,-570,-95,302,-445,949,null,243,427,-873,55,795,256,347,-346,10,8,929,106,171,835,-779,188,-627,123,-665,804,398,-352,436,-529,233,null,-440,-192,-12
949,-492,null,-73,-464,85,-563,-500,-896,867,-1000,306,null,674,-290,-694,-558,865,-998,196,332,-75,-532,221,-805,687,-708,-767,754,816,321,123,27,-113,863,536,361,-431,253,821,628,-700,141,-447,-10,168,-69,-621,594,-902,279,405,null,-348,410,-770
469,390,872,-322,590,569,89,352,null,484,-421,-988,-753,92,892,-2,-422,-607,-510,null,-339,60,617,-456,582,-725,null,672,996,-162,292,892,433,-664,387,664,105,772,-748,128,636,766,-459,-100,458,228,-747,251,-887,425,-940,-264,null,567,-421,126
-382,-244,null,-769,null,376,781,-703,209,-58,619,146,null,-516,918,-61,89,77,582,237,570,190,261,null,388,-822,null,-16,876,949,-135,165,-118,-363,672,-903,731,-946,884,-142,563,-12,-231,-309,968,37,836,-485,187,-968,208,978,null,410,-888,-295
-766,178,282,-567,-551,-903,-244,612,642,-240,99,480,222,377,169,608,-485,-322,602,null,681,-167,-230,null,820,-273,null,-336,619,-215,168,389,-94,442,330,847,55,-17,-994,-91,391,-647,-787,843,-741,-370,652,-207,-308,763,-31,-973,null,460,699,827
-312,-25,358,96,null,733,597,null,null,-890,856,135,null,153,240,188,-393,-679,-919,null,-941,88,442,null,-754,-950,null,15,563,738,-167,650,792,null,543,-266,282,251,-590,11,753,674,-397,-893,798,119,867,-170,-525,-678,-698,845,892,-88,600,-192
381,-902,893,-992,null,358,-64,-37,null,503,-259,216,63,948,657,304,815,284,469,702,306,-589,972,null,626,-321,310,-170,831,-838,-841,788,373,null,-47,-482,-696,561,481,174,-779,-558,815,435,963,-32,-530,null,601,945,646,32,null,107,-540,67
782,87,null,-163,224,942,-34,73,486,940,-812,256,null,-695,641,-667,-687,575,825,null,163,-888,879,944,-728,-441,-133,-630,-389,-853,221,-380,-695,null,-834,21,732,-612,-690,-543,-721,-851,184,-111,-841,-451,-314,null,434,187,-685,481,386,-338,-141,585
549,602,-534,843,36,-327,-584,null,null,953,556,987,null,311,-291,2,524,-586,927,null,-60,-391,-259,null,-68,-789,null,349,320,-803,-983,-289,3,745,276,128,293,31,-550,-972,-339,-717,-163,-707,452,-370,16,667,928,690,-435,310,-387,741,-656,324
-633,626,null,909,903,327,-589,787,941,878,-706,-757,null,-108,884,40,-133,620,-853,610,-586,-475,-865,-376,460,-137,-926,-165,947,-57,-218,-202,930,null,681,48,851,-667,759,638,-159,416,141,-74,210,705,-87,43,-710,-380,-214,-199,null,152,805,499
914,-983,951,579,null,151,-396,null,null,870,125,-204,278,-144,564,-285,66,-237,-410,null,-148,-412,936,null,788,-635,null,-674,533,705,-805,578,527,-326,764,617,269,-158,20,18,-192,529,347,689,655,459,-840,null,287,-587,-171,-980,null,8,476,960
-645,969,589,-520,null,315,107,-90,633,44,569,979,-272,239,-413,-187,151,-490,-829,null,-248,884,576,-297,137,-908,202,810,40,-482,956,486,145,null,385,893,947,75,153,372,-571,423,831,526,-317,-826,272,null,519,878,-968,-823,104,136,563,-305
379,181,null,182,null,140,565,null,null,-102,-504,962,-661,753,-636,857,-478,-745,-647,null,-966,67,-602,null,29,-598,-19,-788,-272,739,-879,727,454,360,-746,146,-53,-383,418,858,-589,561,-536,928,-211,-435,858,null,138,688,766,-361,null,-921,-398,472
-956,192,null,-712,null,-730,416,null,-825,-759,-587,561,null,-879,-711,-94,-262,-258,-665,52,363,-72,420,null,-554,-848,795,-724,500,-796,-847,-165,627,750,-151,693,315,681,602,833,-591,231,-983,142,366,36,426,-282,157,-4,55,551,-122,127,-545,282
-863,566,-851,-34,-630,456,91,-670,-182,-41,996,953,null,6,-177,-826,-416,137,-641,-442,705,-929,22,681,-455,249,139,-238,-717,-708,-403,-433,-599,992,-751,218,845,-161,-280,-651,120,-318,864,714,-969,221,138,-728,-143,472,-87,-263,650,-162,-169,832
38,178,null,-688,null,753,-92,null,826,918,192,-565,-645,-275,-634,-8,394,310,-631,-98,941,-678,179,null,217,405,261,916,-408,-593,-190,968,-161,-707,-146,-936,-728,-160,-873,294,2,-413,-342,233,278,-678,966,-208,69,-856,184,709,null,-289,-650,-952
13,-106,838,-683,null,-542,395,null,68,-89,777,-295,-932,791,-111,129,-211,189,877,-26,-646,-380,571,null,-709,926,-481,718,632,-304,881,-314,-286,90,-159,-384,396,-980,304,-649,977,-298,297,-37,-642,-415,-561,null,465,333,-61,410,null,-462,-465,794
-826,570,587,-146,320,-159,564,null,null,-501,-10,269,-332,483,-105,-694,492,-426,-621,null,554,246,-458,266,531,-794,598,-229,830,-978,-157,-933,-278,-825,931,-975,208,-326,131,-217,-945,985,-210,92,604,10,-332,null,134,46,447,973,null,-609,895,-541
356,844,null,-840,null,-535,-408,null,349,430,-455,-787,null,620,59,-156,-633,-759,-32,947,201,-232,-307,999,-256,176,941,620,107,498,-242,852,-965,null,681,369,131,-916,-468,988,-165,-424,399,-517,132,113,610,156,-186,-546,663,469,null,-23,-581,-727
-187,436,null,869,null,-831,23,null,null,926,-621,295,401,-272,-185,-210,203,374,410,-233,616,-300,-894,281,-790,-944,null,-53,-429,-896,-318,-97,490,496,412,442,423,-673,-204,-783,-353,-775,300,-741,-76,63,547,-966,-288,803,-392,-853,null,-401,315,62
208,277,null,367,null,288,66,-304,-758,-254,-225,932,954,-111,140,-365,689,-944,436,-264,-999,410,-357,null,-907,591,290,-998,-915,842,838,-980,152,893,534,-470,-35,718,275,-959,750,509,-578,362,-413,-422,-945,null,438,528,-161,541,76,287,232,338
246,-940,165,-439,772,-502,-871,-558,-763,898,-570,486,749,683,742,865,726,187,-831,null,-66,542,-447,null,-914,-626,167,-953,-243,-158,204,460,-116,748,606,684,-756,-866,-494,452,52,-805,-254,388,-633,128,141,null,452,-691,736,880,null,-135,381,-554
-871,523,null,443,-76,414,871,-303,null,43,-653,-901,-237,-418,-216,-920,497,259,337,null,906,691,514,-393,-913,-226,null,458,767,-918,894,39,905,null,-989,-545,46,-998,747,205,-819,-601,635,724,-897,-344,-842,250,304,145,-179,164,null,664,630,459
234,-395,null,516,242,-686,394,null,104,-10,-326,597,null,-897,375,-973,940,-154,50,-637,-557,490,-450,null,608,-870,null,929,-838,-917,939,-849,-855,null,-891,-837,121,268,-646,-603,-533,-366,-817,-696,-814,900,246,null,690,369,-87,585,-121,938,996,-744
-458,690,868,-14,-411,-228,664,-491,null,253,458,-803,821,715,-931,262,211,762,476,496,-309,-239,-634,null,402,-953,null,691,-18,91,298,277,-44,803,403,337,274,82,677,-450,-309,228,265,568,-177,666,-245,null,534,-982,533,-745,null,-519,220,-44
-54,-414,-900,26,-870,-380,635,-57,-721,65,-35,650,null,-16,152,-463,477,179,524,669,-969,-868,-963,-506,918,709,null,921,455,955,699,354,-905,null,-818,86,481,662,578,-892,549,-556,-734,-436,950,364,604,527,-893,481,-966,-128,null,-395,-486,-626
-1000,-755,-879,716,207,-26,-650,null,491,-747,-662,716,-252,-762,-627,-262,-264,-2,257,83,49,-598,-998,-38,561,867,228,-837,753,953,334,-734,-265,null,702,151,-411,967,-271,-1000,-354,748,-25,573,-439,762,881,null,412,104,170,-368,-787,20,845,-778
606,523,353,-208,null,-729,273,null,802,14,-485,-182,null,-77,349,162,365,464,-933,null,-358,-974,580,-618,-1,-482,724,-868,-377,482,973,36,-248,null,-936,962,547,665,618,624,-155,-502,-39,371,229,550,-91,null,76,929,-491,-704,null,140,-153,-135
-649,98,null,-285,354,-615,-27,null,null,-809,-216,913,925,274,-393,49,-341,544,-927,84,-627,50,873,-515,-450,326,424,-874,265,47,-424,-168,947,-101,752,-627,609,727,-720,-872,372,641,-504,-541,455,166,816,null,-625,-826,457,399,null,322,515,-424
901,578,null,759,36,-485,944,-443,-140,-979,336,35,587,511,-337,993,-831,-717,189,-874,727,-39,489,null,283,-323,null,860,140,707,-136,-235,177,-86,-319,769,-104,301,-520,308,-371,45,-579,834,676,339,583,391,114,684,475,-407,null,-758,-998,522
-707,-388,null,-529,-736,478,-465,-84,null,662,-938,-301,-2,709,-129,-603,451,900,-749,null,192,886,290,null,-709,561,null,-619,-247,550,337,904,-753,-809,243,-42,-137,-909,-345,133,-960,423,807,797,941,-690,-735,null,-697,760,-132,640,null,920,198,-363
860,240,null,-346,-975,-925,131,878,null,-988,980,191,null,576,614,191,113,-842,426,323,317,-708,14,null,793,556,-617,894,929,423,-178,-390,-269,null,436,-64,857,648,172,-522,-937,-687,-280,560,-566,749,279,55,-261,-418,602,650,null,285,812,215
-207,-31,-580,504,-499,13,-387,587,-468,-28,665,-84,null,-31,723,319,284,285,629,null,228,-208,-489,null,-779,-137,904,-327,496,-248,115,656,-339,-874,721,-511,-334,120,-141,-586,-836,-162,890,903,-893,412,-675,null,83,-721,-938,-581,90,460,-55,516
354,-408,433,774,null,616,683,null,-270,102,-342,425,839,298,440,729,338,-430,567,-867,-149,-146,208,298,76,-742,null,790,874,-921,620,-952,351,-32,442,4,-291,516,-347,645,748,621,-684,900,-258,-577,171,null,520,378,-734,-528,null,-854,-12,-239
936,-604,728,219,null,-187,-319,361,null,384,393,615,null,621,-1000,-2,-688,896,-514,155,318,52,798,-78,-493,483,7,335,785,332,780,-553,-298,null,272,-138,888,371,241,110,95,598,306,-896,-759,112,-967,-729,-336,430,-8,757,null,450,279,-629
392,-512,171,-146,null,997,-341,394,null,124,91,88,null,578,658,363,683,-48,438,null,704,682,-63,-393,148,867,null,171,44,-234,-207,334,649,794,276,-297,306,46,24,-419,-818,-346,364,544,686,647,49,-572,34,-918,-574,91,-53,-15,914,515
-465,338,-178,509,-794,-986,-829,null,-481,232,862,-491,-228,264,729,47,-142,885,-902,null,415,-725,-338,null,157,-592,-661,631,-742,545,549,597,-396,-373,-852,-949,-180,-1,73,56,-374,715,-210,1,59,781,-620,null,30,904,298,499,null,-487,71,701
-239,696,null,800,null,-25,936,null,-210,715,-455,-892,264,895,-922,-850,-141,-827,497,null,239,522,-275,33,464,-231,null,697,469,541,-280,-35,-979,-818,207,601,-521,474,-450,405,864,234,947,958,226,448,349,null,851,-981,-710,-926,null,492,195,-998
137,-672,632,-862,161,-761,-193,null,595,-62,443,-315,-973,409,-736,-461,-172,-464,-180,-115,-692,-385,-806,null,-420,-114,null,-181,-190,275,58,-634,803,null,707,262,-531,120,-608,-379,-190,12,888,806,601,-592,-671,-470,-133,835,138,199,null,-711,-759,503
-773,395,-451,759,null,53,-229,null,393,77,226,-396,-15,-971,-838,755,502,90,-988,-891,667,569,684,null,153,820,-595,17,256,420,-651,253,224,-719,345,-505,-359,830,9,-210,-54,-28,-94,-688,174,94,-871,null,-788,825,-72,-964,null,81,633,686
-244,-138,-515,332,null,-174,876,null,645,-542,-522,-149,null,-778,791,-113,214,834,752,null,593,-415,314,86,656,798,524,499,178,-596,-73,-740,199,null,580,-304,96,-75,-735,106,-554,747,-978,566,-488,134,563,-96,778,-312,-947,-893,-15,308,-837,353
-664,-565,-537,483,186,102,-881,-42,null,-934,132,-749,null,-194,619,523,-796,-496,-731,-741,168,-767,-623,null,452,-328,null,930,855,352,533,290,662,-329,15,658,636,876,-603,0,-551,-710,-390,-969,-303,-829,414,-851,-232,302,632,762,null,743,623,23
937,98,null,590,null,-624,-48,null,null,612,-493,-903,391,382,621,-978,-594,-954,-890,null,-275,-589,-786,null,901,-609,-562,-967,-406,897,553,-879,-10,-787,834,-894,-297,853,902,931,-431,-312,-331,647,997,-326,305,197,-603,-270,-173,-742,-331,-250,758,-619
-674,259,-707,-150,-436,-629,-917,569,null,-184,187,931,null,-862,-114,-461,-744,-871,-95,163,230,-822,363,null,13,-630,null,549,86,-588,483,-309,525,44,185,-740,415,-76,-133,-302,-443,601,100,-994,-52,880,296,null,-294,-143,884,952,-336,-447,502,-995
283,897,594,796,-340,248,157,null,687,285,911,240,-483,-716,28,22,-822,-737,782,-941,-550,-455,-287,null,127,-828,null,-171,-574,365,-127,-209,-25,-246,627,580,438,-124,977,138,974,728,741,708,548,295,-462,-163,-608,-358,274,459,null,657,-773,-15
-639,71,null,-715,null,-156,740,151,963,558,166,-708,470,47,650,-174,999,-279,111,185,617,825,-153,null,447,418,155,398,335,-109,-201,-877,908,null,-193,-239,859,858,-499,106,-498,853,-457,251,366,208,-559,-545,18,-830,580,600,null,421,-864,-777
525,-849,null,785,-306,-797,-821,null,null,-549,-666,964,-603,-735,-293,554,-106,-819,843,-427,911,438,-597,671,-315,104,262,-384,638,199,696,-82,-333,null,-936,651,647,437,-694,-438,749,385,799,-257,-338,207,708,null,-654,93,278,-229,null,886,-272,-709
-469,-534,null,451,null,211,-657,null,-192,-270,-512,289,-141,-612,-415,681,-832,-656,548,-393,-764,384,-823,null,396,-486,null,-785,192,790,-963,259,-723,null,450,-34,-922,74,-345,716,-797,-639,-358,550,14,-397,-923,null,-507,860,444,-723,null,701,-381,167
-792,-860,null,-65,null,-93,-737,-918,-898,-488,422,621,852,794,867,-51,-31,-930,99,487,-587,863,-257,null,-74,-963,-351,-432,782,765,708,-440,30,null,613,62,375,-830,885,843,-693,817,771,-858,-133,81,946,-779,833,273,332,-561,null,716,-289,-555
-843,579,null,-105,161,-480,945,null,null,-234,-127,-257,null,326,-875,437,249,-975,-395,791,749,238,245,-889,-531,867,-98,-836,0,157,-308,430,-925,970,-116,365,-682,804,-143,458,-643,805,-565,-732,-185,677,-554,null,-962,-425,841,542,null,-815,883,-806
-873,582,-574,85,533,443,905,-92,null,-621,547,-691,433,-760,513,-724,453,-855,-986,null,209,159,-217,null,687,-635,-817,-899,-720,845,537,818,299,null,-544,13,293,-835,-262,475,-207,562,-474,982,697,393,-979,null,398,87,-510,634,null,-39,177,552
574,-512,null,-365,null,-302,-777,275,null,198,470,418,null,96,481,546,-539,-549,965,-940,-430,26,-471,null,-472,-919,-959,-708,-217,193,528,882,-70,-667,-345,929,947,996,-452,-718,-503,683,172,848,-892,-545,577,-261,882,-88,-752,515,null,106,-655,308
716,735,null,-371,668,678,-390,284,924,-857,500,324,null,-616,176,448,-836,993,-863,null,-527,128,-503,975,23,574,-4,364,614,462,-691,-924,-263,null,388,591,-351,421,-749,-128,831,-33,-506,-641,489,570,-653,-344,911,-650,12,-793,792,-214,-226,-209
-524,636,481,768,null,-178,-868,-409,null,122,685,-495,null,291,660,881,234,-812,-353,-222,369,83,-299,-560,-910,-918,null,-437,-162,293,661,-308,758,null,798,313,-933,902,92,931,538,-723,-666,401,124,536,-989,777,713,959,492,-511,643,-647,-142,-323
-760,321,null,-721,-686,-522,-560,null,null,-213,733,406,null,784,-188,15,-166,315,-370,null,441,68,631,null,-448,55,973,-551,-102,754,-318,424,-317,-184,48,935,-406,-365,314,246,-76,629,616,452,-83,-926,881,null,448,-551,865,-957,null,-993,656,-536
711,137,null,-580,null,-970,635,144,null,-732,-651,-620,null,234,-29,265,-926,-667,168,-681,767,-210,582,-530,-711,-31,509,-10,-810,-238,-493,608,129,null,67,191,540,-943,809,-297,-605,647,508,37,-320,-771,135,-622,-48,-124,829,-725,-747,420,92,-31
166,-735,null,-279,486,-385,882,-415,null,-773,-573,-840,null,492,531,832,-679,-634,75,-672,-321,135,-508,null,-312,-102,null,-946,-733,325,168,322,-955,909,-649,332,-617,-118,-408,923,692,-420,-241,-90,-685,-382,-338,null,267,678,-252,640,-744,-653,143,589
506,-271,-601,-795,-892,217,969,-825,-177,897,474,-718,633,336,-974,160,983,-132,-142,-312,-387,-275,-436,796,246,-889,621,878,-719,709,422,597,-223,-116,144,875,489,-185,847,435,157,-693,331,-108,-919,604,446,654,557,203,-637,-614,null,556,-119,-890
748,-887,-906,37,426,-345,-984,null,null,-944,-54,491,null,172,-464,-437,647,896,536,null,-513,696,-324,null,-112,519,null,960,61,-448,800,-401,919,null,118,-882,-236,-852,465,-690,711,393,-610,-766,218,-798,-199,-829,671,14,706,394,null,916,849,-593
510,-431,983,527,null,285,-414,64,null,80,363,-363,600,-195,-407,-192,-986,-553,34,288,-544,-529,97,null,411,-119,null,-885,882,615,176,-767,-335,null,875,-826,963,-863,-744,376,-176,122,-643,-649,84,368,-696,null,50,-899,-413,-402,270,660,-991,-264
-460,-288,null,-433,null,-85,-718,-695,-508,-141,-150,728,-564,888,79,-259,725,-558,-397,null,-188,-654,-479,-826,-246,-765,null,130,412,687,-30,210,-262,-269,759,490,-503,426,-59,376,8,100,675,560,853,-511,996,795,464,-341,-990,-495,null,454,-671,-72
-613,-537,null,380,930,514,-456,null,null,-584,-511,837,null,-841,-869,869,-38,199,598,682,-297,574,-139,-504,948,613,null,445,167,703,640,-257,-375,-844,131,-713,-637,989,-832,-135,-685,971,40,550,-119,-682,-44,-336,-933,-775,-264,-392,451,-135,710,-183
496,575,-774,7,null,967,278,-675,-115,-616,-289,677,709,199,856,796,-541,614,-589,null,-542,-539,-598,42,707,274,null,-58,928,27,248,-105,-270,-696,515,-474,-252,797,956,75,-76,-843,401,581,-828,940,72,338,-421,-384,880,-708,null,888,740,420
714,-76,-367,-599,null,-576,-433,null,null,735,2,-249,null,65,-324,-102,-989,184,-39,-958,-22,361,-747,null,377,-240,-505,699,-304,175,910,-812,-600,-926,326,-230,848,592,-524,497,530,-353,-305,65,57,701,-320,null,-93,498,-591,-445,-740,-81,-355,692
894,206,null,-939,null,725,275,null,612,355,-390,20,null,720,-711,957,-594,833,-300,896,99,-18,835,949,-460,-520,-426,406,-721,672,-989,-428,473,null,-764,844,605,741,723,827,390,754,269,104,-757,-946,391,535,-187,217,864,-112,null,484,-372,242
-846,-497,null,-450,null,412,836,null,599,417,624,914,null,665,-935,166,458,825,312,null,-142,781,10,-783,559,918,941,-982,760,-487,341,-821,-292,-99,-994,-910,123,-613,-784,224,-287,796,5,798,295,553,-25,43,-399,205,-624,37,null,-717,848,-12
-647,-696,null,-66,null,-55,-942,-863,null,-79,566,461,null,426,-700,409,546,-824,-802,null,538,499,297,null,938,126,303,35,235,-147,-402,-747,-258,590,385,385,-68,96,291,905,-79,646,-731,901,635,728,824,930,856,857,-837,-114,null,434,179,737
-546,-67,399,860,-75,5,212,null,573,446,-259,-313,-155,205,-165,681,-343,-142,604,null,-962,562,-983,null,-675,-581,null,11,-142,-325,159,-414,-710,357,305,84,-590,596,94,125,-977,-957,17,-866,521,-766,39,null,-34,-376,-302,-658,null,-32,-67,544
525,-654,993,140,null,-190,784,-136,null,868,152,-122,null,-902,857,-525,-801,631,928,489,-265,-523,920,null,399,-780,null,555,298,400,-575,-872,236,null,374,-189,676,945,-143,-479,-33,-193,-892,-772,507,-620,200,416,-534,199,-894,380,-542,552,-786,-854
636,-957,425,-481,570,-918,-190,143,422,88,-290,849,-485,-715,-299,-581,339,-18,942,430,-746,-270,-738,null,-667,-923,null,-706,-625,-952,-54,-582,675,null,680,22,-659,855,-359,-657,573,-874,-96,864,-936,-658,-750,null,-414,142,-289,24,null,-570,-479,-679
270,-309,910,-144,null,352,487,null,null,999,-328,301,null,-667,-736,917,-256,783,638,null,-479,-920,-971,null,675,844,null,-524,-788,-667,-359,56,158,null,-162,612,-512,555,-975,-939,927,-998,34,-557,775,-10,-199,328,944,830,961,-259,null,674,-916,-286
-896,405,-434,-722,null,-993,581,-237,null,623,225,925,null,977,-227,-166,528,-788,44,548,-458,-964,493,-799,-201,470,null,-675,-367,-915,521,-379,582,-876,286,795,-448,-681,-312,-802,-529,-957,-781,331,-440,-847,-431,-965,-675,384,-915,-975,null,525,563,-327
-392,-34,null,609,-959,689,871,852,-673,656,-659,645,-970,-853,203,-186,817,147,-43,-721,-886,-999,-371,null,265,342,-321,-433,899,-185,879,-799,66,null,-371,-920,126,-557,-638,566,-265,534,-340,318,-523,416,778,null,754,-194,955,473,null,-593,-838,233
-270,-831,null,-51,null,-993,-291,null,29,627,-447,245,null,111,843,-55,526,-718,-789,-989,528,-567,148,null,275,609,null,529,-762,903,-796,6,-98,338,-37,703,119,342,141,169,-162,-884,-168,-636,195,-543,443,787,-306,-339,544,-597,null,-700,-936,-880
46,542,-343,-983,null,-435,-732,null,null,515,673,-464,-691,19,-885,-509,562,-697,-988,332,253,278,290,null,-42,919,617,-152,881,994,841,230,848,-879,144,100,-691,-739,906,-264,-883,-463,-825,-214,-634,418,-975,-125,-877,-475,375,554,422,191,-407,676
22,295,853,957,null,742,-788,499,null,-566,696,291,-229,325,-62,-985,-527,448,559,null,-204,988,-915,null,922,187,-426,818,124,-604,-417,884,211,null,-322,-347,281,-945,-266,-714,300,-581,-456,-521,146,-432,47,628,939,-193,389,746,null,-921,-663,338
-148,584,null,-342,null,-838,-948,-778,-171,647,691,583,-703,-699,629,169,-535,543,682,null,-893,-430,540,null,874,-985,null,-887,-52,-315,-532,158,848,null,853,-412,886,-462,-348,-675,65,-297,722,-364,-478,-231,715,787,-323,-7,582,267,424,279,424,874
-370,893,null,948,977,-492,137,-264,null,-751,865,557,null,314,-331,-886,902,941,224,-995,722,196,-323,null,-714,650,null,143,-737,99,703,108,879,null,-883,-779,980,-923,-372,269,512,-129,662,219,190,-350,-371,null,926,-309,767,-806,null,87,362,-932
101,-493,null,669,null,-871,-332,-892,624,-669,892,-400,null,347,-462,-439,-53,335,-124,null,626,182,-150,-996,147,991,null,814,508,-840,-788,-832,280,null,515,-771,587,869,-703,-25,145,-63,-133,131,979,-315,765,-92,396,355,35,-482,-350,793,134,289
375,361,null,8,-654,-623,170,777,-221,379,698,601,-561,-919,-933,803,-54,573,923,null,451,164,522,-896,-335,696,253,641,469,423,-160,-990,955,null,-233,189,389,225,920,246,-621,392,-843,841,-55,-420,16,151,884,834,823,330,null,-190,868,196
-774,512,417,-764,null,-33,-985,250,550,-998,535,-434,-848,617,-905,-889,-202,434,-816,630,622,-399,582,null,-516,812,-539,-113,591,996,498,-372,-492,null,-615,-574,968,864,331,606,610,165,959,422,795,-7,48,null,215,-936,604,-394,null,-653,480,-707
665,-531,null,651,797,-51,240,-327,280,-574,-730,-233,null,-98,-860,734,813,912,-447,null,-87,918,-577,-413,893,-281,null,807,982,-332,-42,-176,-18,-648,952,510,441,-77,923,418,19,-155,251,921,344,421,82,null,346,739,-949,-793,null,-152,-755,997
-794,751,null,-292,null,-686,780,122,null,-835,532,-469,335,150,489,-219,-336,-147,-271,-756,-265,-537,-69,-66,-20,-246,null,316,794,-660,477,206,-464,null,-149,957,396,47,773,-511,720,-314,-905,489,722,145,422,405,-279,-919,-310,904,null,952,-204,-496
368,-462,null,-327,-646,-652,-901,null,-13,415,-151,-73,null,-159,566,-880,378,-894,582,788,-923,158,72,263,819,907,null,216,481,97,389,-572,639,null,957,-466,906,822,260,401,264,548,960,773,927,806,197,53,-941,-428,-981,-68,null,779,-64,514
-104,171,-422,-30,-942,-945,-582,null,null,36,511,780,326,623,-960,396,661,-275,345,537,431,979,117,-510,183,410,null,764,886,895,717,-352,655,null,-868,-712,-437,678,273,-160,-856,775,966,-822,-168,239,554,null,-819,911,272,40,null,-987,-311,578
15,-393,null,176,324,858,-101,754,58,-897,691,576,945,857,-426,206,265,393,598,-892,-539,-952,-716,-677,-693,-561,-98,84,319,-441,107,-357,636,-785,298,906,-509,516,689,643,-958,376,493,-957,816,-447,-432,null,79,266,384,35,null,185,284,-901
-123,155,333,-509,-738,420,-364,null,309,-148,855,-719,null,-552,-102,32,-879,-522,767,null,658,-63,632,null,122,-917,533,-603,-414,304,-862,-282,-430,199,-221,-694,-705,79,-935,905,196,-475,-688,-676,602,-351,-390,226,-476,74,847,-714,null,-478,-752,693
-909,252,null,-40,null,76,369,100,null,466,207,-297,null,20,243,899,780,-100,175,-198,-971,-192,-684,null,-408,437,null,-944,51,-439,-344,-723,365,-234,-971,72,-993,128,331,571,383,634,-343,779,-222,751,339,null,68,-498,639,340,null,-105,-471,-481
-43,-59,null,52,null,-215,-407,4,261,-757,-152,74,909,24,-328,583,-159,541,506,null,116,514,-582,null,-374,-124,-360,766,-707,664,204,581,-919,null,493,-8,-805,-895,-157,-900,150,511,-476,-406,-987,361,-14,null,727,-225,655,559,-233,949,741,687
253,-114,null,993,-397,-197,-244,-63,null,-912,-853,36,null,-525,-371,-701,187,270,-93,-749,-698,966,-475,null,-56,818,-194,260,-639,-148,-516,-334,764,null,-115,887,-775,-360,836,-746,481,-369,709,75,175,135,413,null,118,99,-247,-619,-537,610,252,355
621,164,null,160,-526,-414,-755,null,210,388,244,936,null,-776,404,37,-648,-847,-695,null,969,636,-758,null,782,619,-756,-918,127,-188,-557,-919,535,792,-503,526,163,-644,822,83,110,-883,-759,-880,422,605,-420,-545,298,-382,-283,666,null,572,-353,-114
-831,-517,null,-123,-624,18,26,null,null,516,317,-28,702,377,-945,522,509,744,-955,-11,-24,-507,97,null,-783,-64,-239,-365,849,-304,-352,-377,-35,189,-410,-719,-471,-145,123,-118,679,197,10,-415,194,-882,384,822,-925,-89,637,-940,null,-241,746,-206
-414,-224,null,-717,null,-961,-588,null,688,791,308,201,null,-286,-943,63,-901,97,-95,635,501,-351,-512,null,-918,-473,201,-912,-525,53,-198,563,76,null,-391,-251,-630,-234,985,989,838,-723,-441,57,249,508,135,351,249,499,-39,166,null,-674,-175,214
273,-332,-44,793,95,15,531,null,391,980,-776,-116,-485,-125,-389,-186,166,223,816,null,40,277,453,null,76,-303,-894,462,172,967,566,494,516,-667,-15,-657,71,156,405,689,105,-992,-112,-747,-919,256,380,241,-361,66,-476,-342,null,356,-311,-259
-85,-970,null,428,-51,215,-462,760,null,657,351,748,202,993,-896,693,-743,388,360,-650,-980,212,-574,null,127,164,-980,900,685,598,-515,-265,898,null,313,-16,790,-530,792,-65,-307,380,-101,-418,-636,-190,500,710,-381,605,739,-144,-878,517,884,563
106,984,-494,-881,-627,995,955,-363,440,-515,237,883,null,-258,-106,14,453,-271,59,null,140,175,-900,-756,322,986,null,423,204,842,370,-453,602,795,-270,61,38,898,394,327,-490,10,-864,238,-376,-849,-704,null,-362,495,191,190,null,546,-768,-68
470,448,null,203,null,34,-789,568,457,-395,-552,127,549,-408,-289,57,-359,-864,85,-856,-619,-582,716,-38,-637,-330,-176,-459,-379,975,857,302,-317,null,-626,-698,691,-887,325,-250,783,595,966,229,660,615,-139,-160,-743,-456,-876,91,null,685,-930,114
-220,-142,null,907,null,777,429,null,249,-891,66,597,394,257,104,-708,-150,-33,536,-212,824,-691,363,405,459,872,-64,335,893,608,431,34,-803,null,-72,954,514,-647,-165,-315,-725,405,169,-831,200,953,-149,null,-90,-234,760,-420,null,952,209,-693
-967,-547,330,-267,null,-431,-143,null,null,-450,833,796,null,828,915,-347,-645,-542,-886,173,-333,282,896,-410,-815,-631,null,888,-571,-537,-514,279,973,null,-365,-628,-549,-984,-622,674,-965,383,381,24,-451,-411,832,-500,-120,-878,-156,347,null,118,908,130
-364,-628,null,932,-490,583,-902,844,null,-548,-394,958,null,-630,658,-646,-602,-738,105,-719,-152,-9,-653,-336,-115,-868,null,-175,836,31,266,-755,616,null,-697,380,678,-544,-722,624,-877,-683,-264,-162,-771,-223,-126,null,843,418,-421,-773,-395,85,-582,852
754,773,127,-235,258,997,-828,-925,-469,517,-406,-269,null,735,119,698,912,-520,-299,879,-923,703,910,null,-846,-590,null,44,505,-938,-965,-228,-251,255,-597,-655,717,-678,-391,-599,-87,-964,49,665,715,-244,524,284,-696,926,903,49,null,-952,-769,-392
592,-166,null,879,-178,-836,-265,-326,null,242,-801,-450,null,-333,169,916,-190,-452,-913,null,-735,-162,-573,-944,-598,-123,null,-528,252,276,268,796,-727,-240,13,268,-60,16,-528,443,605,281,-169,249,-143,830,-862,null,82,-694,560,522,null,-66,378,-551
-533,694,null,-705,null,107,584,null,-193,-891,234,-404,null,-327,-98,337,698,-2,463,null,128,581,-517,null,-794,566,null,-15,796,-239,45,741,-108,-702,-627,-153,584,389,422,-885,-859,655,752,-646,-677,-63,505,-915,797,-401,960,-281,-852,244,11,210
123,60,null,458,775,443,-164,null,null,-781,995,-216,313,-418,739,-200,196,150,510,-742,405,-847,97,-785,-759,-613,874,-774,-725,-486,-737,-987,-318,-358,-961,-762,-336,312,827,580,346,-706,353,228,-546,288,107,null,932,-54,135,65,null,-798,-410,422
-947,239,null,358,-215,691,-912,null,-148,-548,258,-999,542,602,-504,440,-441,-666,243,null,399,153,82,null,-659,121,-695,183,459,202,332,358,-725,null,68,575,-986,-813,707,977,854,361,179,810,558,-483,802,979,663,255,-899,634,null,-861,-539,895
-828,-359,50,-892,null,926,276,-286,null,-839,128,-781,null,412,-629,955,68,299,-662,787,59,502,197,null,-647,-14,773,21,223,398,-805,689,-319,null,-941,249,646,193,52,542,-437,742,147,540,-102,448,-448,null,-390,346,719,-147,null,-97,959,302
-490,-28,858,-88,null,-269,313,null,-773,433,-328,495,248,316,471,711,-408,-172,10,-54,516,-98,-88,-844,-852,520,68,-121,980,-231,341,593,-546,428,71,221,-509,487,960,-129,-951,-428,-353,-529,-692,-185,767,79,-69,944,232,160,null,765,997,815
-327,-447,37,787,null,-735,-32,-546,null,-680,-536,243,764,220,398,-138,-682,-632,-39,null,308,960,287,193,399,-802,547,-143,141,728,-650,152,69,null,999,-147,-267,-461,493,-146,-134,547,592,-228,-403,730,331,930,-581,-759,-84,695,null,-768,971,36
407,935,null,-20,null,-577,495,-336,null,459,-548,591,-585,86,-468,347,-658,-278,-135,-85,735,510,-280,null,-655,41,null,-182,482,-416,954,-123,-702,-756,-891,24,-217,-603,924,227,254,-189,578,166,-865,525,692,null,804,459,715,498,null,-857,952,-616
239,34,-446,609,null,467,691,513,373,958,425,540,null,713,764,894,-97,-163,-292,null,-148,602,415,null,883,846,null,269,-894,-301,-786,190,-292,-701,-374,245,130,387,-985,972,-549,-482,395,-796,-969,790,172,null,841,161,-419,399,null,285,-524,493
494,364,null,-162,null,438,428,599,-729,417,-855,-607,null,833,-511,602,-254,-136,377,null,-898,-553,24,547,-625,-999,null,-780,-376,528,411,-337,43,null,-863,-386,-672,394,-65,-666,-408,-69,-341,-252,144,-622,-387,-588,454,-111,780,-642,null,516,308,-328
344,329,-985,-827,-381,-787,188,null,-363,32,953,871,null,-520,-395,324,469,611,-164,null,990,-77,-316,null,-56,-446,null,-183,915,-80,-820,734,-145,null,-198,-269,-895,67,-911,-656,-366,61,-156,341,242,-125,848,null,317,439,344,882,null,862,-262,-184
-175,-675,788,-211,-197,351,-688,null,652,999,472,233,-808,-802,41,586,616,-925,-192,null,-931,188,92,null,574,107,-746,434,514,711,-180,-276,-593,-899,-121,188,507,-245,581,-379,-417,-603,-454,-95,471,442,-400,-165,174,-456,-51,565,null,-927,561,662
-486,375,null,-749,691,-289,105,607,-145,-599,688,-622,239,385,900,113,-451,165,682,null,-94,728,931,506,685,-38,null,-614,930,260,663,-37,-311,null,780,-896,-680,-932,79,627,-313,-928,-648,748,906,544,221,904,743,-635,-437,-200,null,744,-703,8
384,-749,815,524,null,701,302,453,null,842,-621,163,null,-437,540,208,-616,110,-39,null,-938,-601,990,-350,571,716,null,353,-344,967,-494,-722,261,-630,137,688,-503,314,610,745,113,464,-159,162,-838,-850,158,669,476,-57,870,-468,572,273,595,-979
309,910,215,766,null,-870,-325,-656,null,-505,982,54,null,735,11,-277,-564,-271,-455,-195,-640,-766,-913,159,-381,-732,null,-102,-163,-172,947,996,41,-383,37,867,678,473,391,-967,666,-491,243,-491,632,825,849,-322,-468,792,133,-286,null,-688,-591,-652
302,-562,null,441,null,11,124,536,-121,-975,8,995,null,502,-596,246,-117,397,-503,-985,-593,528,-820,-771,305,844,176,513,-283,-700,-67,438,-595,-608,205,837,577,138,679,-455,617,-465,-547,426,-473,650,-102,302,-483,774,965,123,null,-190,676,-670
-207,682,-441,960,null,951,489,null,null,987,-416,782,400,-354,-743,-169,84,89,213,null,-674,-19,-254,-958,609,-456,null,607,631,-771,810,-937,-316,-767,-958,414,539,-347,-352,-847,-216,458,656,925,900,632,-378,613,427,811,267,-719,null,-511,-782,705
750,71,null,464,null,179,-479,894,-833,-98,-377,123,null,-48,-390,647,-516,826,660,-312,532,-911,-526,null,-494,716,-344,-393,-454,-836,881,501,-778,null,-358,388,-167,841,-577,145,-842,-397,282,-292,-507,-445,-456,603,703,-835,-358,557,-797,666,-597,337
-528,888,888,772,38,199,489,null,-710,998,-899,-593,939,370,-145,-512,-356,-462,-857,null,-524,720,497,226,-734,585,null,-144,-572,887,-310,107,358,null,569,-909,804,138,-130,409,238,-142,-495,-668,73,185,-102,null,-373,-247,659,660,-918,668,-215,546
93,-824,null,400,null,767,-625,-309,-764,292,421,-275,null,-14,772,-157,481,-96,694,-987,-563,-337,193,null,-382,-4,-548,-748,-553,590,-76,49,195,null,-122,-938,950,-883,557,209,805,198,629,-831,-203,55,706,-800,964,912,50,-869,null,-61,-949,-425
-169,-139,-344,-57,null,-625,45,null,630,545,-274,-38,490,281,-718,-469,481,146,-598,null,-749,-643,132,null,701,-790,null,426,979,-596,-236,-956,77,607,497,-196,571,833,-428,-765,641,494,-17,-652,366,106,-277,null,429,398,-667,76,null,349,631,575
-69,529,null,-956,null,680,473,null,-85,704,-200,-825,247,876,-589,216,-511,-357,-588,null,388,574,35,-954,31,-142,876,-459,-278,400,-897,260,742,null,154,-411,-635,-594,-970,831,-281,694,237,924,-520,-249,839,null,104,583,-463,-347,null,-619,-47,-352
204,-25,-937,512,29,-689,-865,null,null,-105,494,522,272,54,-233,-349,-932,-535,-188,null,-393,590,353,-892,-600,158,-776,693,264,870,1,-335,-467,-137,-594,-236,-758,389,-999,-339,-81,-898,-279,-465,496,291,249,-689,602,-476,-929,-927,-245,616,783,-171
-170,-192,-318,-426,681,-887,-157,935,null,178,706,546,-509,-32,642,-903,-92,-194,25,-558,916,-119,-801,null,88,551,173,-86,615,852,-965,494,772,693,-410,-369,693,-835,974,-782,355,796,455,-516,58,54,10,null,39,959,501,212,-150,485,813,274
483,986,null,-392,null,790,143,null,-2,655,750,706,-160,-725,-590,726,366,-417,838,-622,-761,-375,-306,null,348,-85,null,92,728,-437,218,257,672,243,622,-31,-657,953,119,878,-921,-970,-40,272,-607,-799,792,-82,854,405,-757,-568,null,180,823,372
888,367,870,-632,912,495,-499,505,-820,451,332,-431,null,799,-124,830,263,710,-345,null,-219,-576,-642,null,704,52,697,732,552,257,571,562,429,null,827,-641,782,684,-965,-953,-841,-148,626,-162,169,-468,-245,-849,-835,-244,760,771,null,-434,35,627
32,-732,-939,-998,569,140,158,223,null,259,361,-35,-376,-702,976,252,704,-523,-569,null,207,-603,-574,null,-392,-224,null,775,938,-876,400,-896,832,null,12,-161,-280,948,-575,-860,989,779,124,-752,-751,846,270,null,557,462,-539,-235,null,409,-584,-610
903,542,null,63,null,-471,-14,-887,null,672,-765,-686,993,196,-428,-999,442,-791,-506,-371,637,-437,21,null,-332,-914,null,224,441,72,77,713,-190,-811,188,-476,223,406,467,533,296,-237,115,155,-86,303,-611,-736,-965,414,135,187,null,-924,458,818
-39,207,null,-402,null,-990,-78,812,null,893,896,636,-704,-296,758,-227,-869,-455,751,null,-449,-465,573,450,-601,-614,null,314,-44,152,-936,539,685,-415,501,589,-886,-77,442,-91,53,-9,-587,764,-214,941,492,-89,-992,-294,691,-992,null,512,-296,-874
166,513,-768,-959,112,62,63,null,null,384,821,94,-997,-321,228,-539,-991,120,-497,null,152,210,-692,189,311,22,-732,735,-678,-573,839,182,960,764,371,606,-457,590,-542,146,577,-533,391,932,-898,-799,840,null,43,-24,142,-392,17,-71,796,-466
-177,636,null,-364,null,-678,-339,871,null,660,-539,269,479,227,-908,14,473,486,759,183,660,586,372,null,-148,-103,null,-264,501,-568,208,-837,915,488,-237,876,574,858,-159,-412,490,-912,-250,85,717,-194,622,null,175,508,491,438,null,-126,108,960
-783,709,null,1,null,-808,-872,-346,-475,-242,-446,549,null,683,-449,-223,181,792,-449,-43,-231,-323,984,-31,-666,-741,-654,-486,-81,-105,852,-417,-310,null,-616,264,131,930,819,588,719,-720,-744,-335,-188,-500,-603,null,-923,7,101,581,null,434,28,-146
-908,-313,-587,183,-623,362,58,null,409,445,-600,-861,null,24,-371,-148,708,505,-174,null,-830,-293,559,-839,-603,-478,387,305,693,-700,647,-355,956,61,471,292,977,442,488,-661,133,-525,-612,-534,-125,655,-270,-247,810,-48,-965,-620,216,-716,216,528
-976,-430,-824,-605,-694,-224,-680,null,692,50,521,-832,null,761,-868,864,494,976,-555,531,55,578,989,-696,-382,956,null,104,424,-984,455,986,-849,620,686,607,-809,-907,819,168,-557,-589,89,-270,42,780,-636,null,-624,-806,-634,8,-934,-248,-629,479
-272,582,null,-394,null,495,464,163,193,160,126,396,null,-548,201,-998,-627,-792,-862,-24,231,-946,-406,null,-863,-195,656,964,143,-913,-431,-861,855,-303,830,-708,162,174,513,592,286,633,223,-43,714,885,-120,null,-103,318,19,-706,null,450,-467,-456
-387,-495,null,664,null,-444,-515,521,null,933,847,-49,-983,535,-594,-90,959,889,-520,-379,964,93,387,-321,840,-869,-530,111,250,181,-951,74,-8,345,-26,55,-153,-474,617,-728,505,41,861,708,940,832,812,null,-110,939,-360,-191,-769,889,877,505
149,-305,null,732,-112,620,-487,353,413,950,632,-856,-477,427,957,308,-402,207,143,null,131,-656,599,-175,204,218,-436,-318,-242,-122,-820,-565,567,-589,-240,369,412,-592,-593,-810,-472,-546,-17,-972,554,-150,556,177,-735,813,177,835,null,-889,-852,760
529,789,492,-976,null,-47,363,931,-434,-804,167,268,null,-915,-411,-686,-360,-915,651,null,35,177,-386,null,-425,-678,278,182,-504,-640,-733,-739,-34,-763,668,965,-839,-631,-406,306,769,-544,-633,-424,-463,-374,437,886,386,-643,-199,289,848,-686,-743,811
583,852,null,427,null,67,504,789,397,684,-476,275,null,-40,-985,-214,885,-258,-508,-16,-254,-700,761,-580,-391,-730,-679,537,876,302,-21,295,-408,73,795,547,613,-466,-148,632,531,-435,-773,-765,-892,-95,-634,-235,-915,-873,248,-114,null,546,295,200
-401,372,null,579,null,61,845,-891,474,-583,-394,884,null,-307,-573,-15,395,-248,-176,94,353,302,346,null,-993,-71,null,-692,811,346,681,709,492,null,513,747,-911,-254,554,-743,780,249,326,-996,-345,508,480,441,-663,-329,-986,532,null,259,-367,-80
346,-555,-771,854,null,-902,598,-721,null,-494,173,360,null,811,-796,923,-923,583,-793,645,-983,254,642,null,-721,-351,-262,628,-20,-420,-647,-633,676,74,809,-824,-269,772,16,-296,312,947,-406,493,416,312,827,-201,-798,550,719,8,null,197,-372,630
186,672,null,93,-272,699,-48,-221,-999,365,427,-76,-515,739,-736,-469,-84,891,-793,null,-869,-817,594,null,-384,523,898,757,35,-389,326,-873,778,null,-400,634,-850,129,315,-170,731,19,-638,-31,-840,-993,7,null,292,908,382,-510,-194,-323,873,-262
-848,675,null,-387,null,658,221,null,null,-557,-393,-813,-750,146,279,-323,-207,-216,214,null,133,387,-182,null,242,428,-380,498,375,727,708,-857,-39,null,727,200,-439,554,-604,-183,-630,176,-973,439,204,-574,-461,308,-896,-344,364,785,null,-427,646,881
-44,889,193,-984,-394,-705,-241,18,566,-281,-349,129,null,-843,-759,-215,22,-707,-788,null,671,-370,957,null,-779,621,-475,-728,-552,799,-584,-620,-945,-410,-750,594,404,11,-866,25,-540,658,-505,-174,-601,-595,473,null,-998,-846,-663,-714,null,-41,494,-570
649,-160,-839,639,null,666,-30,null,null,-834,-886,-75,null,599,702,-465,-114,286,-856,-209,-686,-501,432,448,-144,-735,null,566,887,550,162,126,-214,-880,879,725,-325,450,-206,-172,-606,-146,979,445,-866,-959,-167,null,-278,938,556,500,null,-757,751,-652
839,431,null,250,null,-616,-821,null,null,-406,25,-927,null,32,650,-240,-926,-41,423,null,318,313,-999,null,-57,250,null,-837,908,-380,230,-792,432,563,-415,-837,-372,-404,-407,310,-156,698,542,-442,323,-204,365,-759,3,124,-195,-726,null,-891,780,-238
56,85,141,-741,-651,552,432,477,-610,350,-675,-419,null,-21,690,-932,637,611,951,null,-109,176,874,null,-10,-142,644,-18,511,-402,-630,-15,-715,null,-222,-137,-156,108,3,-706,100,-320,399,-632,765,157,-653,null,-159,27,-83,665,null,-34,5,-918
144,-376,null,396,-661,-769,71,-508,null,803,-726,397,null,704,-534,-332,-509,-672,680,null,-834,193,-81,941,780,-120,null,689,911,-866,746,-352,-347,null,-778,115,645,908,373,-302,-169,451,393,583,-225,168,-186,-42,-607,592,466,-265,null,-691,-969,680
-605,-736,-894,177,null,-899,-55,null,null,-617,590,671,457,764,-169,844,596,-764,5,null,4,154,-645,null,-934,460,-2,-703,-250,-747,203,-786,-812,-290,480,-621,-502,-519,-668,-747,-309,632,-946,637,20,102,-22,null,-352,81,-236,-408,null,-367,343,807
612,-734,null,-951,374,-910,-630,null,81,-743,134,734,479,804,-504,448,697,-905,350,215,-735,911,94,-564,-839,-44,null,-52,496,697,-439,691,-724,35,567,-790,-222,-971,-544,357,-757,568,374,-797,513,905,-766,717,637,-40,-888,-919,565,-555,740,131
335,847,-962,-472,null,853,-357,-862,-69,329,-699,619,null,533,-427,-981,162,708,403,null,-173,645,-820,-561,-440,-516,-988,461,783,830,33,520,258,377,-413,147,-668,-384,282,-883,585,128,-758,34,647,861,-663,79,509,-970,-441,475,172,-185,-205,553
-989,-904,null,-163,null,64,247,-651,null,-372,-370,574,null,-2,-787,-117,-82,299,-763,null,602,-385,-550,843,-502,-172,null,39,-168,466,451,991,724,null,271,27,674,748,-553,70,-384,39,-562,-319,899,700,-511,null,-588,-90,-169,-618,null,-669,34,704
556,837,575,-66,511,561,902,null,null,-952,-37,742,null,-368,174,675,878,-578,317,null,-919,-246,41,-695,571,675,601,-197,-389,610,-711,719,-561,null,373,-124,885,-789,641,-278,17,-147,471,696,281,187,599,null,708,-217,54,65,null,-880,-134,684
-587,-670,649,605,null,356,138,-267,888,-558,-618,343,null,380,404,-108,157,-544,934,-925,356,-231,891,null,-77,355,-335,280,-145,-125,-336,839,-210,null,-874,485,-473,101,-974,137,714,620,-331,-109,-264,-875,-883,-527,-122,10,860,-170,null,389,202,150
182,977,401,125,null,-708,529,null,null,78,614,482,-475,156,-893,-515,106,-442,423,-499,264,647,-707,609,-801,-963,212,-832,-983,433,25,-979,-810,-710,480,-938,530,-427,-728,-772,-432,715,-164,29,594,703,414,462,685,764,230,346,null,740,-704,337
972,-262,157,-750,null,-820,-480,-340,129,-37,790,712,-696,558,-608,-884,813,13,660,null,140,-349,-588,-368,-748,1,892,-372,-22,709,-20,-199,315,-704,486,761,594,-777,-527,-277,-509,-756,397,-164,-288,-791,-333,null,805,839,-728,435,null,464,-23,-195
716,-574,null,213,null,866,756,null,null,-22,340,-709,null,-980,357,-286,-378,-4,-664,-248,-462,151,489,-340,464,798,226,183,-314,424,-985,644,-414,null,-192,833,369,-230,516,367,-560,-325,941,549,561,-151,250,null,314,90,-651,902,-69,-150,-532,715
483,653,null,4,455,-469,-779,-635,null,431,312,374,null,-444,908,-504,485,124,42,-361,-604,947,-1,null,834,-659,-820,372,683,632,-960,567,9,688,-38,-589,-456,831,10,-76,276,16,882,81,-212,-100,199,null,-320,330,-402,675,null,352,-106,115
-656,405,null,-504,248,-710,-769,null,-804,766,857,-494,689,-326,303,-79,-977,945,-959,-540,-343,963,-522,-48,-475,426,null,-461,187,842,-814,-718,-381,714,-849,-350,-420,-512,456,670,-414,53,856,817,129,626,32,176,-30,997,917,-407,-301,705,258,124
422,-367,null,568,null,788,-285,207,891,364,-333,-918,-847,114,788,-466,365,989,243,null,571,-312,-352,683,-523,260,-32,-437,567,-787,-535,-612,-141,940,-66,-402,398,-146,-870,562,-16,-333,-227,573,193,-111,-504,-292,583,-524,-708,-122,-634,688,283,24
79,-983,null,-872,null,-3,643,741,null,561,890,-699,null,738,26,-240,-541,-740,314,null,-407,-565,-937,null,237,-607,694,205,938,908,810,-464,-600,null,551,675,262,-309,-715,4,2,-474,3,828,-737,12,920,590,-73,70,889,814,849,-831,375,-446
-178,364,null,-373,467,-389,-378,-26,286,592,600,-188,279,-902,238,33,761,306,234,206,-345,373,-458,62,194,-74,null,830,-758,545,994,206,707,208,-805,-988,187,187,-990,-676,87,-648,-883,964,595,-38,-231,null,148,-782,743,699,null,141,60,-74
-107,-643,-766,342,null,-730,-364,-780,-279,-529,-70,-601,null,-178,589,845,-619,953,-284,null,630,533,431,-785,313,-679,-686,466,938,-460,548,585,-245,null,785,-642,813,-903,-701,-248,812,131,-744,973,700,186,265,null,845,830,519,-81,null,721,7,-130
-966,-90,709,-114,null,-16,-694,null,479,-88,-8,786,-758,113,-166,-409,-477,-42,208,null,336,-20,399,null,517,45,null,697,627,-96,731,-663,-345,null,132,-496,-375,-703,-618,-573,847,611,-428,-547,483,999,-265,391,905,583,-559,665,-978,348,-381,-379
325,528,null,474,null,85,-594,null,-649,32,470,886,null,-333,-283,-221,-272,-402,260,null,-535,-431,-668,673,403,-236,768,-142,-13,-842,992,151,977,null,-901,-647,-33,-10,82,534,-547,52,484,-879,-552,-225,387,780,-145,-703,-605,697,null,608,922,973
-938,647,-150,-955,64,389,895,-446,-494,331,580,-636,null,-819,-432,553,193,-576,906,null,-4,-540,114,null,-118,10,null,990,261,710,-284,978,-136,null,72,-157,-463,-145,-919,-828,-611,-983,513,709,-873,456,142,null,345,-115,-425,-379,-596,-969,-796,-786
942,588,-242,25,917,-157,-778,478,107,633,204,-261,-934,504,353,158,-531,-240,803,null,411,-365,764,null,752,869,343,-273,-976,-116,-433,-294,-79,-938,-842,217,-525,-137,657,-943,275,725,-748,180,551,-861,508,113,352,-540,818,816,null,263,-492,754
-845,-32,null,-975,-11,-194,-324,null,385,554,943,-821,null,-95,-101,-244,-182,-739,730,null,844,976,-934,null,-836,861,813,61,648,-83,-861,-978,-552,-94,-633,-455,-393,829,735,-847,-541,-524,111,-345,543,-746,-629,525,-349,301,346,857,null,435,-580,147
-366,-80,null,942,-567,507,589,null,null,138,664,-22,-958,457,752,-58,-286,308,-559,-503,-788,325,990,null,-533,18,-503,980,-203,304,-387,659,-533,null,-533,547,901,-762,-442,458,913,686,814,854,267,658,344,null,433,771,-748,336,null,587,735,-112
-490,-903,-319,760,null,-772,587,null,null,-938,28,110,-335,-853,431,-908,-829,103,-503,null,394,189,-814,-331,681,-378,268,-918,-647,794,940,410,-390,965,-330,-46,-440,977,878,-785,-740,-791,-712,558,-179,818,-599,-616,-485,-216,936,-520,null,360,-656,175
418,252,null,-164,null,-179,128,327,null,-448,795,-659,null,49,612,411,174,890,592,-722,469,469,196,null,381,98,null,106,-575,99,-985,732,232,-516,-772,666,-46,781,-818,109,358,-6,-990,506,-340,322,16,null,890,-385,299,208,null,656,-834,101
442,-341,null,-517,933,-774,-996,null,null,86,571,-564,146,-326,-536,134,178,-373,-905,null,-821,-570,442,794,-550,766,null,-627,-733,-893,-924,-680,844,null,36,-479,-233,253,-525,-808,78,-220,441,155,319,641,922,656,-706,-660,113,-652,null,718,-858,-297
672,-577,462,595,-99,-146,-262,-164,null,373,307,908,null,-426,-217,-523,-559,669,792,null,686,-777,-889,821,-890,13,-379,-228,712,-729,509,501,808,null,-261,156,170,674,800,-546,368,488,987,834,688,-408,-541,866,356,709,620,278,null,356,657,-385
223,-466,null,237,15,-582,731,462,-270,-155,322,-185,905,-839,423,-362,-31,497,-892,-962,238,304,394,null,-770,57,-64,-594,385,-20,432,-121,-565,458,361,639,230,676,-445,255,-288,157,763,741,-45,-650,949,null,308,-914,63,265,null,-384,-264,-604
-20,991,80,461,null,-746,606,-402,905,-648,-379,38,null,775,309,602,294,378,727,-552,635,-775,120,681,863,621,294,-352,754,120,-663,-731,902,709,-142,-517,-310,347,-280,470,387,-1000,836,-147,-678,-551,643,null,-398,-603,283,-184,null,726,624,-246
944,-33,null,-155,34,-367,251,null,null,-703,-912,-544,-290,795,989,748,551,-988,-659,null,712,-494,-288,-88,-769,-186,null,899,642,363,107,567,204,null,53,-415,-370,886,-936,-402,-414,336,29,-481,-970,414,-846,null,416,-755,-487,78,null,-849,-976,388
-126,-524,659,601,null,-550,956,null,null,-298,829,-94,-821,366,-956,968,215,110,871,null,969,322,399,-134,-24,529,null,-293,-643,-261,-457,486,-661,null,-511,952,-346,712,-340,-397,972,-974,272,-958,406,-136,-626,null,301,-729,458,-499,469,-754,-609,-229
994,-794,null,390,null,752,658,-365,103,-534,-886,745,null,-868,830,94,366,209,790,949,-165,-997,-837,426,-983,-727,-41,-794,715,947,201,985,-630,331,23,-92,-443,-337,-610,-769,-938,491,682,-370,797,401,88,-100,715,693,-633,295,null,67,676,-150
119,341,-44,952,null,461,777,null,311,80,-811,426,null,-397,-660,-810,-167,419,884,-942,279,-420,-398,null,847,840,null,-858,963,562,-161,-272,-341,null,425,228,-70,570,774,679,-719,573,-288,-994,495,-630,-492,-598,-403,986,-722,700,null,662,-593,-378
-383,-310,null,-187,-691,-746,194,909,null,-562,-351,-930,null,-365,-43,604,-610,568,-899,null,611,-109,-41,-312,-45,945,null,-648,-29,260,-375,735,-793,null,914,-996,458,-407,549,-819,-710,195,-193,383,233,-335,700,20,581,641,-323,57,13,473,468,165
918,-619,null,298,null,284,-320,null,243,662,-783,238,null,-640,75,-840,111,-131,658,null,614,-163,-916,null,570,-550,-377,-904,132,-133,613,-784,-529,null,427,-553,-867,-507,-508,683,-884,529,-862,426,-530,-485,703,-94,566,-777,-995,91,565,-412,294,-137
-326,510,643,510,551,-965,-12,null,null,143,737,-798,null,411,71,648,-742,216,260,null,-682,660,-4,-144,746,486,498,-319,978,-963,-108,-202,340,null,-625,916,764,509,-156,-19,213,-214,872,-146,882,405,-654,null,-15,23,-796,290,null,-853,831,683
551,-924,682,788,-340,402,722,-969,null,323,461,-661,-379,-407,-886,18,690,-653,-424,-934,-550,504,810,653,-283,113,null,411,828,598,859,-287,-92,null,-918,-861,90,-451,-596,768,39,-673,-972,-589,845,286,-130,null,369,67,-461,-471,null,817,331,-159
77,288,null,192,456,-854,242,-236,-266,-478,789,618,null,560,-623,377,-868,563,-187,null,404,715,-192,null,678,-842,null,743,651,-549,632,666,510,-555,544,-480,827,377,-88,-610,874,385,394,-138,524,-433,-466,498,125,-888,-410,473,null,639,353,-968
99,-404,112,-774,null,-252,337,null,319,397,795,664,342,-857,880,903,832,705,568,165,746,-717,937,748,329,709,681,542,-111,450,899,406,340,null,525,35,-241,-673,-94,-649,836,-255,-335,-810,-150,-668,-331,587,-420,-778,-620,-215,null,712,123,758
355,338,null,396,null,-70,-301,null,null,988,344,-455,null,489,785,368,-826,243,-550,null,-314,-996,-213,null,-940,-384,71,916,420,-565,-370,629,591,null,-714,398,48,81,-357,816,916,959,737,-581,-426,857,-845,null,-334,138,296,-337,890,966,-688,85
-652,-967,null,-253,443,-828,831,367,-408,-784,-740,-391,-37,232,-160,-939,-836,-669,855,null,-477,912,-845,null,934,-678,-727,774,-258,846,-93,632,645,null,530,359,-515,-869,792,-287,363,-700,865,-138,-665,-639,-73,300,209,-747,-878,-3,-415,-876,575,-560
-95,-589,-754,58,null,-521,355,null,328,-61,-387,386,-223,-991,-915,-319,239,81,702,null,-496,-248,196,null,793,597,null,648,476,-300,-842,-124,208,null,673,-371,275,587,-405,-319,-848,336,-849,418,602,804,-157,null,878,-93,677,-199,null,56,607,391
-470,-396,null,-66,935,-886,-868,null,null,856,655,539,null,-915,-288,-64,-303,-354,-393,880,615,-77,167,-20,954,795,null,219,581,159,-216,-821,802,null,-539,180,-298,770,-394,775,-91,488,-715,-574,513,168,-93,null,764,543,-869,738,null,-147,358,681
-522,933,703,-479,null,268,646,null,null,-257,303,-506,-485,95,-802,-967,859,-436,-720,null,900,-279,935,784,902,-22,null,-194,921,484,990,80,757,-928,-256,228,423,-456,-737,-246,477,-280,8,-823,514,490,296,335,724,-769,-8,-890,null,302,571,-420
-78,401,-606,-917,797,316,389,-51,null,-818,-895,-165,null,749,53,-277,-933,-313,510,-391,-481,232,4,null,-451,-201,-798,-894,684,-105,119,634,-987,-160,869,505,2,173,-514,-377,334,47,8,697,827,835,-101,null,197,-334,-618,605,-538,-327,-753,-792
50,231,null,-748,-619,-621,422,null,695,452,-624,-355,null,-267,-316,-832,-198,316,-236,59,-389,-464,-884,null,-769,-208,null,155,-422,-273,370,550,-124,-90,524,133,448,587,538,-639,-825,-180,-427,403,922,597,-618,574,-807,338,-61,357,null,-412,130,-982
562,419,null,-323,-927,-950,331,null,null,-241,-195,-800,null,495,610,207,-538,581,688,83,-998,385,152,null,-879,-489,null,260,-495,-109,-268,442,-893,null,331,-845,482,-388,-670,119,-276,912,198,21,972,856,531,-424,-220,475,-289,430,null,-155,-246,1
884,900,null,991,null,-692,-967,-600,-145,864,-76,-693,713,750,752,-977,-472,-716,642,null,-900,-545,712,null,147,-489,118,343,-687,-198,-21,-415,-103,651,453,-769,364,443,15,246,-491,-75,39,699,449,-867,-137,953,344,-876,-382,-9,446,-286,-353,21
720,897,-226,-61,985,-348,574,728,null,214,-780,-620,null,582,480,480,500,62,-475,-293,407,-510,-765,-726,-720,99,535,-609,-735,-479,370,-96,-384,null,-322,146,31,-690,-723,-257,828,-923,650,404,906,-398,-800,779,684,120,953,-962,null,-212,624,136
753,89,87,-75,-537,681,144,null,null,573,626,-775,null,-864,861,202,-921,167,-536,-856,-979,-718,712,-784,-615,89,null,513,-610,-370,-144,485,422,null,-978,-724,-754,-218,653,-685,405,-189,-348,24,899,419,-747,null,-838,566,-642,313,null,-26,80,720
-241,-735,-420,-858,502,933,-107,null,-35,-866,-124,-834,914,-718,674,167,151,-437,-32,null,188,931,-837,782,938,651,null,944,-936,-21,-322,-72,-120,null,-781,-779,661,4,-89,356,278,948,-145,-328,-8,981,233,-74,-790,-989,648,685,null,499,-801,-710
-100,945,-228,-819,428,-894,881,null,null,454,-667,687,-677,819,674,444,-843,-463,564,null,722,-161,-375,-411,-742,-931,358,-188,-86,919,620,-11,240,780,87,-436,641,-693,799,-457,822,-627,685,879,-48,-833,-99,82,-996,-517,825,-945,null,324,960,769
-351,-128,null,-762,null,466,-376,508,null,-407,-751,904,null,204,295,-858,684,-88,-715,null,295,478,-348,632,-691,319,-653,338,135,197,-631,948,218,-771,-803,813,-481,624,997,-195,738,683,532,-913,164,-689,230,null,-666,-230,-87,-293,473,-599,220,680
-33,-614,null,-795,-339,961,-244,-19,null,476,224,134,null,246,778,-102,-778,-344,-509,null,648,654,-259,null,805,-654,null,-509,374,186,-238,380,204,null,-180,250,-374,609,-652,191,-202,674,-206,-11,404,-241,-68,null,-931,-654,-925,-669,null,-866,-493,572
-291,306,-959,-949,null,327,-567,865,null,161,839,49,798,840,-471,202,898,256,-282,199,-509,743,370,null,254,124,null,865,-736,-341,-5,-832,-288,null,-963,93,591,649,-692,-403,-146,931,964,641,184,216,609,null,-347,-731,-478,912,null,759,-516,355
310,333,-9,-261,101,26,-649,8,-859,-237,-919,-491,-112,-206,-115,-106,365,795,380,null,393,-68,-640,null,-110,774,null,-959,397,-126,-522,-496,314,-957,-500,864,-636,512,-286,-264,-680,476,425,652,-189,-136,-565,null,-95,2,836,-780,null,257,-835,-39
-248,287,null,-63,null,903,-910,null,746,725,-686,-439,null,-327,-687,983,168,647,-34,null,464,-283,-355,859,0,859,441,972,-39,584,-128,520,-157,null,668,347,934,474,124,-397,-709,-405,-600,645,-261,-938,43,null,188,-131,-514,851,null,-785,-893,496
882,210,null,765,null,546,-587,null,null,956,383,-106,null,-909,314,-976,213,-970,910,486,-387,-607,59,264,-429,108,-711,718,75,-327,793,67,471,184,855,949,-829,-959,-127,-478,-415,674,188,895,-570,66,-550,33,765,575,941,21,null,-986,-624,-829
-337,-843,null,-716,null,-164,-930,-725,-868,-842,-918,232,154,744,-135,364,-729,835,-842,null,460,-745,658,218,-582,-840,null,632,342,192,-57,-153,38,null,776,-287,501,-522,695,-162,-976,-663,349,-286,827,-199,-928,-680,519,-509,-15,-876,null,745,-622,-649
-810,-363,null,626,569,-807,481,null,null,-582,-873,-586,null,532,885,886,-758,-787,137,null,-118,-447,660,398,209,124,null,-479,-281,-619,795,49,405,762,623,264,515,561,3,538,-928,-395,-56,581,-885,694,-362,-849,-315,652,-952,491,null,777,617,119
298,-597,-372,-799,-600,-326,-763,-566,null,-676,-729,-599,-221,-98,72,-125,-800,-433,299,null,-338,454,-413,null,151,756,null,-17,-894,-293,294,300,-1,null,725,5,896,-262,147,-427,7,665,897,11,828,-544,814,null,577,-372,270,-388,null,-85,919,-965
932,137,-205,810,null,911,859,-526,138,-660,-24,752,209,6,-696,469,241,-19,490,null,645,969,-649,null,-889,213,null,970,889,-50,341,472,-728,null,-662,-88,367,-936,831,-181,727,-58,-791,988,330,515,-405,null,-837,879,-492,-549,null,299,-48,-477
-970,54,141,689,-75,136,56,null,172,-533,478,379,88,347,937,-276,-912,-424,-477,null,-647,557,636,322,-38,-697,600,226,970,634,149,235,82,null,-118,-943,685,333,-928,-535,-122,-1,552,-215,649,708,-297,null,108,445,877,445,null,615,405,158
919,108,null,-924,null,943,161,435,null,69,931,272,-138,-990,-630,46,-749,875,655,-680,-409,540,456,null,-91,815,null,-237,-213,-956,830,264,-557,null,631,-676,-759,759,257,-115,921,-883,-714,-454,359,988,-501,678,760,-827,384,699,null,598,550,577
-693,-654,-840,358,-266,-307,-785,-584,236,-541,-261,-649,467,234,-62,-927,-17,449,-166,-790,624,-812,544,null,404,-972,null,-725,-241,-227,308,732,-381,598,-823,-197,647,-144,-291,855,-666,356,140,-548,-654,-477,965,126,888,670,-220,-689,null,-986,431,-824
755,-994,null,890,null,-570,783,725,null,-620,148,-253,939,380,-669,-670,426,-333,80,387,57,-591,858,null,-372,3,46,-111,559,-995,9,824,-134,-837,171,-747,80,-80,-291,11,670,325,-317,40,484,-551,275,846,949,9,950,-401,null,-236,-615,-563
-832,-436,633,-444,null,-225,292,null,-712,551,139,-821,-738,248,113,353,725,-313,-423,538,-252,-792,-299,null,531,930,167,-515,397,-981,-409,-200,-449,null,586,-906,-436,-809,423,-580,309,-408,723,175,84,-249,-919,-20,38,779,894,-60,null,-684,-737,246
-298,-817,null,850,859,-30,139,null,243,-253,8,871,null,222,-624,-920,499,-973,-564,475,768,-691,-453,-774,363,606,null,383,886,506,624,13,768,-830,-158,979,-285,29,-30,-320,986,679,607,465,-528,532,-191,928,-747,-109,-569,706,-451,515,719,634
-782,-161,null,744,null,13,77,-560,null,-834,-264,692,null,782,-142,-748,784,401,191,592,579,-614,-433,-330,-185,-351,null,-635,-83,274,-407,-771,-468,null,-872,906,382,135,497,-423,215,-805,225,386,-727,403,-999,-682,-161,211,-262,-278,null,-786,-538,935
-330,121,202,26,989,357,-574,null,676,-340,203,950,691,-536,729,-625,-261,-230,741,120,552,-165,-274,54,-369,-975,-844,-381,-961,-873,-419,-485,983,73,399,-283,-151,-546,-318,-187,991,-176,674,558,-631,-18,-941,null,-716,-64,265,-537,null,-882,-788,-568
-517,699,null,-163,null,-567,114,null,-360,-397,-252,-690,725,654,78,-287,-538,414,-93,666,-111,-382,979,385,533,794,null,-824,-409,818,-230,172,664,744,-973,64,-211,905,977,-507,-528,-935,-750,842,132,-137,-965,null,-72,-982,-688,-254,-915,-678,944,864
-686,345,-68,866,null,79,294,null,null,-107,-459,609,null,172,-318,214,343,357,-796,null,-985,322,-84,null,117,906,-763,-554,-349,174,472,948,930,-511,922,-331,-609,-17,174,282,-299,-992,768,-960,11,-786,922,-554,-235,195,-261,-798,null,-942,-161,669
-953,-588,null,-888,106,-257,-554,null,null,764,394,-763,-975,692,-522,-209,-698,-992,-899,284,597,-172,-762,185,534,-322,798,-767,118,791,-961,-255,973,null,316,-853,-565,-556,-230,628,553,745,432,-658,105,165,-957,885,156,924,-814,629,null,-627,501,-103
217,-386,-899,723,-254,322,-251,-875,185,402,-667,313,-466,-416,447,327,-631,753,203,null,-243,960,-393,null,799,197,null,585,147,-632,-827,676,218,819,208,590,444,375,-120,-387,685,-153,946,681,-457,771,960,208,-892,-738,761,-311,null,522,-628,579
399,-286,null,679,null,-164,338,-465,null,-884,-100,-844,null,-373,-433,-61,-260,330,221,null,-918,-544,985,776,-968,-737,-306,-216,-469,109,876,350,731,-218,852,518,306,989,521,142,714,308,349,946,-526,-823,960,-432,-952,151,-10,-341,null,561,-533,855
769,-908,null,-823,null,-91,535,null,null,451,-133,-903,-419,-248,-559,-775,-842,-291,452,null,73,406,230,null,110,765,null,525,-152,-18,855,-786,-68,864,-473,-339,-454,970,661,-931,879,853,-43,537,249,-967,642,null,-927,343,-83,89,32,-806,-243,-764
-886,430,-458,331,null,-302,153,-796,-808,412,185,-662,-629,47,-92,-120,848,-27,166,null,534,950,-199,-55,619,-888,862,-186,-843,883,-497,147,-460,702,-936,-588,-724,-201,746,-951,-230,-491,952,-591,392,794,623,null,-992,-783,766,398,null,-59,181,-552
-622,-907,null,-104,null,-847,-990,-375,-727,488,808,-803,null,51,-49,935,421,211,431,null,94,-568,156,null,-756,885,null,722,752,-752,-822,-961,303,-937,517,-140,-688,657,607,551,-221,492,947,-916,-922,-725,291,-247,-519,-734,634,111,380,828,-729,-148
703,509,null,-870,391,71,-384,843,764,777,-811,219,null,-754,-317,544,-694,912,381,-279,-446,-799,878,-429,620,171,null,-602,-570,-691,313,-148,634,-91,634,216,-406,-853,741,-189,-60,-186,-136,342,72,277,415,816,209,695,606,-790,null,424,-372,-706
-2,-327,161,-962,615,321,-653,-404,null,214,-18,-329,405,-253,-8,997,529,945,-887,null,755,275,-117,-948,332,-801,-630,-747,326,41,114,204,244,-489,57,779,-770,-643,-903,104,-181,454,-192,-717,381,-985,-495,null,-962,636,-363,-865,null,-499,-999,508
609,792,null,-562,-37,-503,-704,97,null,-390,734,-570,195,496,166,249,877,362,-624,null,256,-831,-598,null,-814,204,null,449,-737,466,209,-59,934,null,548,-296,906,815,783,513,-205,101,-480,-949,351,-704,160,108,730,549,-148,762,null,-356,25,-336
-726,876,555,-349,null,-702,406,null,794,956,154,-389,null,-506,410,253,-316,-514,-678,151,-9,296,327,null,-476,710,null,704,635,-763,-949,142,473,null,470,249,790,-322,22,479,-475,-727,-72,-31,-476,725,-539,null,-517,640,658,972,null,-664,-188,220
791,-178,null,958,-331,-3,60,null,-236,-240,785,856,-758,761,671,960,-385,-217,448,null,-376,-913,263,null,806,500,null,-50,771,-187,12,-859,-321,309,-656,232,356,543,998,-846,-444,570,-819,-206,-180,-789,-289,-370,33,236,391,-946,null,-817,-348,458
-642,-913,null,175,null,-297,533,null,null,-296,792,780,null,-766,212,762,-225,634,575,-347,383,-657,-78,null,-789,-898,null,-636,183,651,-323,-683,-855,-492,-497,127,-156,-782,-708,69,552,339,138,-40,193,-110,565,320,474,-881,-359,-578,-422,47,-122,251
261,-446,746,34,-297,-959,-289,null,475,-701,812,244,-893,-778,-370,785,-60,-57,597,null,56,-350,-562,-40,295,368,null,-510,604,729,917,-350,-107,null,82,971,-785,-608,809,794,-126,-884,-789,62,-624,836,54,null,276,-413,841,445,null,-632,-118,-300
-739,102,-220,-578,null,384,888,-15,null,324,-314,-230,645,251,802,399,283,-648,-166,-118,-916,-344,101,356,494,50,-842,113,-542,288,38,179,-932,-210,856,53,-558,628,983,-574,190,-18,113,199,398,-436,-802,null,-349,-500,527,-673,null,326,131,-644
610,-888,null,-635,null,921,354,null,null,428,113,-698,null,-524,2,-506,381,44,-436,-164,942,381,493,-864,759,-743,-903,68,352,-334,566,833,-305,-306,419,-228,-595,-995,-697,855,-224,-50,572,8,891,376,885,580,-371,-220,302,-956,952,721,-442,-825
246,-873,null,854,null,87,774,-113,null,-515,413,377,null,233,-401,216,-942,938,44,null,-326,-784,-278,null,996,-470,null,577,-593,420,-730,-309,-216,null,291,-134,-746,-732,-61,332,-330,-193,-857,663,-176,966,-224,38,-861,-494,341,-388,null,872,663,-333
899,215,null,454,null,-275,203,755,-903,484,642,-228,null,-979,861,365,699,-728,593,null,76,-576,-546,null,-352,649,null,-404,-969,-88,17,-913,973,-533,672,-319,-979,-101,-576,652,-773,-558,151,76,-211,-518,889,329,863,-186,-58,-291,null,572,984,-937
-933,380,null,-18,759,822,-440,357,-874,-564,226,-392,-707,929,547,516,-943,735,-187,null,436,-870,-983,null,279,317,null,-939,-889,-886,-902,-442,340,-48,-168,-772,-630,235,-530,-199,-967,319,249,334,-307,596,-557,765,328,-507,-762,-38,null,-145,127,198
-558,476,null,-279,null,-12,834,-717,null,-451,-225,366,17,990,781,231,-293,89,679,null,722,511,-158,null,-696,-166,null,-552,-261,-557,-62,-164,238,null,-837,527,-186,387,761,116,136,-710,758,937,-133,864,803,497,-680,328,-97,-974,null,173,-773,-631
-216,835,562,739,null,399,913,null,null,531,387,-146,-524,-539,-414,183,545,128,-782,993,-300,-790,-155,null,759,226,null,496,591,640,-927,499,83,-285,-820,284,-453,451,591,37,318,-506,-154,726,-308,964,-2,null,-907,-116,405,929,null,-485,648,-89
408,60,-960,885,-879,983,-685,null,null,-895,-651,-687,780,-458,-915,-963,-735,-846,-59,849,-504,432,781,118,357,804,null,-927,-856,277,-165,308,-155,-204,687,-762,-916,182,424,-737,-109,-443,-593,721,-734,-264,555,null,729,497,-242,47,null,492,631,741
901,67,-459,-373,null,-998,309,998,-330,-105,-499,89,225,-334,619,-858,-840,-290,-497,165,231,320,54,null,-619,-817,null,320,-86,213,399,808,-964,null,-712,945,-556,410,35,-569,955,-727,450,478,366,874,692,-562,-661,-557,-745,834,-619,806,-591,-609
-575,-95,-343,201,null,73,508,null,null,-411,-962,-619,null,-24,-425,-676,875,-205,-748,994,-43,-535,-492,null,403,634,617,-643,-462,-853,-549,-862,12,null,-27,-911,614,68,-993,661,189,177,818,316,-972,-191,255,null,-759,841,465,-455,null,237,-386,40
653,-212,null,758,null,-609,-139,null,626,92,454,-865,null,-848,-42,770,-751,96,361,null,196,-118,491,null,6,-48,-672,243,261,-352,-721,-949,442,271,-237,840,248,-734,573,-188,761,-802,-14,361,-36,-785,-717,701,549,-513,-150,964,null,676,-367,-919
-541,52,null,-103,127,538,-225,null,null,-155,-646,-210,-325,-310,569,995,782,-505,138,-384,-570,843,-105,null,934,49,-740,693,900,-655,-223,107,-431,702,-595,-284,-962,114,381,-86,-274,-459,237,-755,-978,-640,-378,373,751,334,920,-376,null,-473,-138,-495
-160,355,null,441,null,-291,186,null,null,-390,986,-575,-865,502,-54,-71,485,-944,53,-810,-847,650,-755,null,-480,328,null,-745,-874,420,11,4,-125,492,-167,339,-377,8,-559,678,137,-211,328,535,280,145,-276,723,153,206,-156,-146,null,-785,-703,-541
-935,131,-219,381,null,531,-499,null,-833,-263,316,-22,868,254,829,196,-779,-135,-889,46,993,932,-129,-499,-124,123,992,-159,343,69,201,416,-64,-830,270,517,556,-375,730,-218,-481,-28,-834,93,-692,-903,-372,null,-690,-784,704,-134,463,-521,-731,-594
-694,-391,-383,-866,null,-851,-157,null,null,828,309,-700,null,-682,192,-255,548,354,947,-198,34,-552,-780,-909,963,-575,-896,360,-97,-953,-659,462,-454,405,238,384,-903,-951,674,-625,450,-784,101,820,143,86,-437,-698,308,-114,926,-311,null,944,648,379
231,-732,null,-239,537,209,309,null,null,-637,150,136,null,-58,-595,569,647,745,-493,null,-991,429,-592,null,-104,75,566,-793,747,-484,-655,745,267,28,-187,735,-572,-149,39,63,279,-687,-58,-246,-203,-368,-391,null,281,907,-61,959,null,-147,805,-961
995,870,null,432,-43,158,-38,-804,null,836,786,928,-802,-604,-252,-174,-521,113,-819,null,-656,-895,634,-766,848,-317,-692,-498,-742,-863,-280,-712,-947,null,450,977,-445,-180,796,399,-905,-469,-166,912,900,-298,-982,null,825,-21,-169,728,-61,659,590,841
-493,-552,933,-619,314,786,343,912,423,877,319,249,null,-658,641,965,857,-825,-6,null,-483,-125,-709,-658,142,-238,null,-613,310,-346,-284,-156,434,526,699,644,227,-362,-704,259,-822,-945,-113,383,-891,-427,-923,null,-245,-166,784,662,null,-536,957,-299
-732,596,751,344,394,61,-830,882,624,-605,-166,-141,null,-462,-594,-678,-390,-622,790,306,-650,143,-377,null,496,-145,null,-680,-221,-883,521,-761,-124,210,-872,-931,308,-359,921,204,693,-121,-361,-237,-414,-259,-658,null,-191,482,-397,71,44,847,-330,180
-798,-522,null,-654,null,159,578,null,-988,-386,662,-289,195,229,552,-378,976,549,284,null,-374,254,-1,278,170,-232,-975,971,67,679,-888,422,-241,-240,-803,-788,-507,169,-901,761,120,359,-347,492,-300,-685,-917,-65,-42,475,158,-52,null,496,-730,-816
-118,-727,102,-603,-228,605,-489,null,-757,956,152,-999,-306,914,35,-635,-690,-470,562,null,155,-47,-684,838,-520,340,-415,244,388,-862,754,-833,-477,243,-631,-150,-796,-824,815,312,-748,-127,830,54,-3,-256,-452,null,856,-163,660,-890,null,-893,-551,207
103,-971,-593,-608,481,-964,287,null,null,-267,-442,866,null,-914,845,-167,9,-167,-849,-611,192,778,73,null,604,-310,null,-543,588,999,455,204,984,-194,-358,647,537,-955,-251,-309,514,354,784,71,539,27,-173,-784,-305,922,351,749,52,-985,915,583
310,67,-666,-480,null,696,-461,null,null,31,-266,-720,843,-99,-300,-935,-752,-814,224,null,-942,273,355,-904,223,444,-487,186,199,719,-159,-357,-304,null,917,-60,-412,908,429,-855,-449,744,-128,295,408,842,-734,315,-680,-867,-929,84,null,-881,276,188
20,901,null,170,-832,-542,-461,-325,-21,-187,-352,-368,null,-936,-185,619,-495,16,-521,662,95,-7,736,161,471,-163,null,591,910,-257,323,-914,400,null,640,571,-676,917,0,-1000,20,-61,-781,589,-849,-680,-718,911,-311,-504,157,-627,null,-186,-636,35
